subject;testsuite;catch_type;total_mutants;killed_mutants_Sn;estimator;estimate_S;CILower;CIUpper
commons-collections;dynamosa;assertions;4561;3579;bootstrap;4417.30899252327;4365.21592727258;4469.40205777396
commons-collections;dynamosa;classes;4561;3579;bootstrap;4983.27160940075;4718.202578966;5248.3406398355
commons-collections;dynamosa;methods;4561;3579;bootstrap;4415.79340392665;4363.66454692905;4467.92226092424
commons-collections;dynamosa;assertions;4561;3579;chao2;4355.95557170818;4241.84461479725;4489.71111831093
commons-collections;dynamosa;classes;4561;3579;chao2;7045.19716646989;6663.32215385587;7474.35275419397
commons-collections;dynamosa;methods;4561;3579;chao2;4355.86339473803;4241.76475988766;4489.60474335749
commons-collections;dynamosa;assertions;4561;3579;chao2_corrected;4354.08627092589;4174.81228591449;4587.30201320156
commons-collections;dynamosa;classes;4561;3579;chao2_corrected;7038.62650641865;6452.29302000188;7744.60910446464
commons-collections;dynamosa;methods;4561;3579;chao2_corrected;4353.99431572708;4174.74094549597;4587.18349645123
commons-collections;dynamosa;assertions;4561;3579;chao_lower;4356.00072254335;3687.74376153788;9130.85984276085
commons-collections;dynamosa;classes;4561;3579;chao_lower;7058.37662337662;4067.39799947025;28366.2876228625
commons-collections;dynamosa;methods;4561;3579;chao_lower;4356.00072254335;3687.74376153788;9130.85984276085
commons-collections;dynamosa;assertions;4561;3579;chao_upperbound;0.0;4123.28115997024;4539.47163119591
commons-collections;dynamosa;classes;4561;3579;chao_upperbound;0.0;4492.88853738182;4560.50239153911
commons-collections;dynamosa;methods;4561;3579;chao_upperbound;0.0;4123.28115997024;4539.47163119591
commons-collections;dynamosa;assertions;4561;3579;ice;17702.1517211672;<NA>;<NA>
commons-collections;dynamosa;classes;4561;3579;ice;14308.8483282658;11568.3295791494;17049.3670773823
commons-collections;dynamosa;methods;4561;3579;ice;17703.9406286474;<NA>;<NA>
commons-collections;dynamosa;assertions;4561;3579;jack_our;4960.93985471475;4806.34845907155;5115.53125035795
commons-collections;dynamosa;classes;4561;3579;jack_our;9563.40909991261;8795.21776125845;10331.6004385668
commons-collections;dynamosa;methods;4561;3579;jack_our;4960.81705155067;4806.25164058029;5115.38246252105
commons-collections;dynamosa;assertions;4561;3579;species_chaobunge;5092.0;4845.0;5371.0
commons-collections;dynamosa;classes;4561;3579;species_chaobunge;-25020.0;-10219.0;-55817.0
commons-collections;dynamosa;methods;4561;3579;species_chaobunge;5092.0;4845.0;5371.0
commons-collections;dynamosa;assertions;4561;3579;species_jackknife;4961.0;4806.0;5116.0
commons-collections;dynamosa;classes;4561;3579;species_jackknife;9591.0;8807.0;10375.0
commons-collections;dynamosa;methods;4561;3579;species_jackknife;4961.0;4806.0;5116.0
commons-collections;dynamosa;assertions;4561;3579;species_pcg;4567;4397;5300
commons-collections;dynamosa;classes;4561;3579;species_pcg;12491;7926;15071
commons-collections;dynamosa;methods;4561;3579;species_pcg;1700805;1700930;1701620
commons-collections;dynamosa;assertions;4561;3579;species_pnpmle;4467;4351;5006
commons-collections;dynamosa;classes;4561;3579;species_pnpmle;11830;10468;14305
commons-collections;dynamosa;methods;4561;3579;species_pnpmle;4467;4319;4770
commons-collections;dynamosa;assertions;4561;3579;species_unpmle;4464;4395;5353
commons-collections;dynamosa;classes;4561;3579;species_unpmle;8507;7498;11556889
commons-collections;dynamosa;methods;4561;3579;species_unpmle;4464;4173;4750
commons-collections;dynamosa;assertions;4561;3579;zelterman;4857.87711902556;4620.50298535861;5095.25125269251
commons-collections;dynamosa;classes;4561;3579;zelterman;7647.12512064764;7144.24995129881;8150.00028999648
commons-collections;dynamosa;methods;4561;3579;zelterman;4857.87711902556;4620.50298535861;5095.25125269251
commons-collections;evosuite;assertions;4365;3566;bootstrap;3982.25459117101;3951.49477770896;4013.01440463305
commons-collections;evosuite;classes;4365;3566;bootstrap;4877.59263606439;4654.94853979515;5100.23673233362
commons-collections;evosuite;methods;4365;3566;bootstrap;3981.83391996899;3945.12894130027;4018.5388986377
commons-collections;evosuite;assertions;4365;3566;chao2;3829.76165277323;3772.51228215179;3902.88170383266
commons-collections;evosuite;classes;4365;3566;chao2;6189.84047784277;5896.48365215544;6520.12449977872
commons-collections;evosuite;methods;4365;3566;chao2;3829.72248633504;3772.48071823699;3902.83314545095
commons-collections;evosuite;assertions;4365;3566;chao2_corrected;3828.43312581087;3741.32936983571;3958.81008987485
commons-collections;evosuite;classes;4365;3566;chao2_corrected;6185.13620162177;5727.94928665985;6739.0043276103
commons-collections;evosuite;methods;4365;3566;chao2_corrected;3828.39415664802;3741.30288200119;3958.75277540823
commons-collections;evosuite;assertions;4365;3566;chao_lower;3829.76933701657;3602.58879952718;5467.51806151742
commons-collections;evosuite;classes;4365;3566;chao_lower;6199.89350649351;3935.67733576724;22332.0814779209
commons-collections;evosuite;methods;4365;3566;chao_lower;3829.76933701657;3602.58879952718;5467.51806151742
commons-collections;evosuite;assertions;4365;3566;chao_upperbound;0.0;3725.25630969789;4002.85369000028
commons-collections;evosuite;classes;4365;3566;chao_upperbound;0.0;4310.2666763851;4364.59982594406
commons-collections;evosuite;methods;4365;3566;chao_upperbound;0.0;3725.25630969789;4002.85369000028
commons-collections;evosuite;assertions;4365;3566;ice;6365.38482878752;<NA>;<NA>
commons-collections;evosuite;classes;4365;3566;ice;14067.0373560642;12780.1930014078;15353.8817107207
commons-collections;evosuite;methods;4365;3566;ice;6365.8621325595;<NA>;<NA>
commons-collections;evosuite;assertions;4365;3566;jack_our;4077.99344489465;3977.63498695094;4178.35190283836
commons-collections;evosuite;classes;4365;3566;jack_our;7772.14075057198;7268.23867845919;8276.04282268478
commons-collections;evosuite;methods;4365;3566;jack_our;4077.96002410128;3977.62327948389;4178.29676871866
commons-collections;evosuite;assertions;4365;3566;species_chaobunge;3812.0;3762.0;3864.0
commons-collections;evosuite;classes;4365;3566;species_chaobunge;-54198.0;-10886.0;-228819.0
commons-collections;evosuite;methods;4365;3566;species_chaobunge;3812.0;3762.0;3864.0
commons-collections;evosuite;assertions;4365;3566;species_jackknife;4078.0;3978.0;4178.0
commons-collections;evosuite;classes;4365;3566;species_jackknife;7782.0;7271.0;8293.0
commons-collections;evosuite;methods;4365;3566;species_jackknife;4078.0;3978.0;4178.0
commons-collections;evosuite;assertions;4365;3566;species_pcg;4118;3942;4528
commons-collections;evosuite;classes;4365;3566;species_pcg;3917;3836;1573727
commons-collections;evosuite;classes;4365;3566;species_pcg;1776036;1776159;1776930
commons-collections;evosuite;methods;4365;3566;species_pcg;4118;3882;4450
commons-collections;evosuite;classes;4365;3566;species_pnpmle;9729;9461;11248
commons-collections;evosuite;methods;4365;3566;species_pnpmle;5733;5652;6255
commons-collections;evosuite;assertions;4365;3566;species_unpmle;3934;3853;4400
commons-collections;evosuite;classes;4365;3566;species_unpmle;6449;6182;8153
commons-collections;evosuite;methods;4365;3566;species_unpmle;3934;3881;4389
commons-collections;evosuite;assertions;4365;3566;zelterman;4406.59189921458;4158.69168637999;4654.49211204917
commons-collections;evosuite;classes;4365;3566;zelterman;6671.63085296891;6273.57154168155;7069.69016425627
commons-collections;evosuite;methods;4365;3566;zelterman;4406.59189921458;4158.69168637999;4654.49211204917
commons-collections;organic;classes;5784;5784;bootstrap;5784.36357871143;5783.14362924142;5785.58352818144
commons-collections;organic;classes;5784;5784;chao2;5784.0;5784.0;5784.55590212279
commons-collections;organic;classes;5784;5784;chao2_corrected;5784.0;5784.0;5784.55590212279
commons-collections;organic;classes;5784;5784;chao_lower;;;
commons-collections;organic;classes;5784;5784;chao_upperbound;0.0;;
commons-collections;organic;classes;5784;5784;ice;5784;5784;5784
commons-collections;organic;classes;5784;5784;jack_our;5784.0;5784.0;5784.0
commons-collections;organic;classes;5784;5784;species_chaobunge;5784.0;5784.0;5784.0
commons-collections;organic;classes;5784;5784;species_jackknife;-1.0;-1.0;-1.0
commons-collections;organic;classes;5784;5784;species_pcg;5784;5784;2897111
commons-collections;organic;classes;5784;5784;zelterman;;;
commons-collections;random;assertions;4561;4558;bootstrap;5524.19510664408;4191.09055880513;6857.29965448303
commons-collections;random;classes;4561;4558;bootstrap;5997.952331459;4219.49766034564;7776.40700257237
commons-collections;random;methods;4561;4558;bootstrap;5655.54101897848;4236.45542203283;7074.62661592414
commons-collections;random;assertions;4561;4558;chao2;5014.30631664332;4946.18095290115;5094.3876126648
commons-collections;random;classes;4561;4558;chao2;4819.78778323678;4777.51582027836;4870.20001986702
commons-collections;random;methods;4561;4558;chao2;5014.21737104182;4946.10333017732;5094.28576066382
commons-collections;random;assertions;4561;4558;chao2_corrected;5013.49467407136;4907.89170623334;5150.97032313481
commons-collections;random;classes;4561;4558;chao2_corrected;4819.41386007989;4757.00932412501;4901.38695708018
commons-collections;random;methods;4561;4558;chao2_corrected;5013.40588667944;4907.82243268561;5150.8565530521
commons-collections;random;assertions;4561;4558;chao_lower;5014.33278145695;4621.8503181949;7819.37149068841
commons-collections;random;classes;4561;4558;chao_lower;4820.75023832221;4594.71882889934;6438.17128562658
commons-collections;random;methods;4561;4558;chao_lower;5014.33278145695;4621.8503181949;7819.37149068841
commons-collections;random;assertions;4561;4558;chao_upperbound;0.0;4560.94453282481;4560.99961506751
commons-collections;random;classes;4561;4558;chao_upperbound;0.0;4560.93583764863;4560.99955382606
commons-collections;random;methods;4561;4558;chao_upperbound;0.0;4560.94453282481;4560.99961506751
commons-collections;random;assertions;4561;4558;ice;14046.6838769496;<NA>;<NA>
commons-collections;random;classes;4561;4558;ice;6508.60919263583;6040.50615097337;6976.71223429829
commons-collections;random;methods;4561;4558;ice;14048.7157015121;<NA>;<NA>
commons-collections;random;assertions;4561;4558;jack_our;5607.93910572406;5518.12452884917;5697.75368259895
commons-collections;random;classes;4561;4558;jack_our;5604.15384615385;5514.58215437323;5693.72553793446
commons-collections;random;methods;4561;4558;jack_our;5607.7344461305;5517.93299957885;5697.53589268216
commons-collections;random;assertions;4561;4558;species_chaobunge;5489.0;5364.0;5625.0
commons-collections;random;classes;4561;4558;species_chaobunge;5145.0;5064.0;5237.0
commons-collections;random;methods;4561;4558;species_chaobunge;5489.0;5364.0;5625.0
commons-collections;random;assertions;4561;4558;species_jackknife;5608.0;5518.0;5698.0
commons-collections;random;classes;4561;4558;species_jackknife;5608.0;5518.0;5698.0
commons-collections;random;methods;4561;4558;species_jackknife;5608.0;5518.0;5698.0
commons-collections;random;assertions;4561;4558;species_pcg;5171;5141;5332
commons-collections;random;classes;4561;4558;species_pcg;5366;5312;5569
commons-collections;random;classes;4561;4558;species_pcg;5167;5130;2201735
commons-collections;random;methods;4561;4558;species_pcg;5171;5145;2201127
commons-collections;random;assertions;4561;4558;species_pnpmle;8763;8662;9519
commons-collections;random;classes;4561;4558;species_pnpmle;9675;9593;10890
commons-collections;random;methods;4561;4558;species_pnpmle;8763;8690;9537
commons-collections;random;assertions;4561;4558;species_unpmle;5175;5126;5432
commons-collections;random;classes;4561;4558;species_unpmle;5360;5322;5642
commons-collections;random;methods;4561;4558;species_unpmle;5175;5140;5573
commons-collections;random;assertions;4561;4558;zelterman;5065.36411512842;4948.41585177225;5182.3123784846
commons-collections;random;classes;4561;4558;zelterman;4643.37090861203;4611.79229797159;4674.94951925246
commons-collections;random;methods;4561;4558;zelterman;5065.36411512842;4948.41585177225;5182.3123784846
commons-csv;dynamosa;assertions;468;362;bootstrap;424.770354620324;412.141657954989;437.399051285658
commons-csv;dynamosa;classes;468;362;bootstrap;499.266684838458;417.090371923295;581.442997753621
commons-csv;dynamosa;methods;468;362;bootstrap;424.136466697862;411.832540512957;436.440392882766
commons-csv;dynamosa;assertions;468;362;chao2;428.650767151602;399.97803240798;478.9709034469
commons-csv;dynamosa;classes;468;362;chao2;622.863291139241;543.186869339811;737.577197795558
commons-csv;dynamosa;methods;468;362;chao2;428.563626996394;399.926036639954;478.825190066061
commons-csv;dynamosa;assertions;468;362;chao2_corrected;426.474415571141;388.064255487596;521.488548031558
commons-csv;dynamosa;classes;468;362;chao2_corrected;618.39875;505.624551873104;819.72340553338
commons-csv;dynamosa;methods;468;362;chao2_corrected;426.390120808756;388.029273369816;521.285570475208
commons-csv;dynamosa;assertions;468;362;chao_lower;428.666666666667;370.647929005837;875.931652473626
commons-csv;dynamosa;classes;468;362;chao_lower;651.848101265823;401.470152189291;2490.49247209632
commons-csv;dynamosa;methods;468;362;chao_lower;428.666666666667;370.647929005837;875.931652473626
commons-csv;dynamosa;assertions;468;362;chao_upperbound;0.0;381.080240856479;463.980517313259
commons-csv;dynamosa;classes;468;362;chao_upperbound;0.0;423.224985151628;467.516900495536
commons-csv;dynamosa;methods;468;362;chao_upperbound;0.0;381.080240856479;463.980517313259
commons-csv;dynamosa;assertions;468;362;ice;950.07824432302;761.099477811101;1139.05701083494
commons-csv;dynamosa;classes;468;362;ice;674.828422235442;587.491998117215;762.164846353669
commons-csv;dynamosa;methods;468;362;ice;950.951072534954;761.709550106636;1140.19259496327
commons-csv;dynamosa;assertions;468;362;jack_our;473.977101967474;431.049990511888;516.90421342306
commons-csv;dynamosa;classes;468;362;jack_our;859.249206349206;716.871294490566;1001.62711820785
commons-csv;dynamosa;methods;468;362;jack_our;473.851508031831;431.002949932801;516.70006613086
commons-csv;dynamosa;assertions;468;362;species_chaobunge;460.0;408.0;529.0
commons-csv;dynamosa;classes;468;362;species_chaobunge;848.0;619.0;1280.0
commons-csv;dynamosa;methods;468;362;species_chaobunge;460.0;408.0;529.0
commons-csv;dynamosa;assertions;468;362;species_jackknife;474.0;431.0;517.0
commons-csv;dynamosa;classes;468;362;species_jackknife;1035.0;769.0;1301.0
commons-csv;dynamosa;methods;468;362;species_jackknife;474.0;431.0;517.0
commons-csv;dynamosa;assertions;468;362;species_pcg;145303;145307;145403
commons-csv;dynamosa;classes;468;362;species_pcg;858;577;1054
commons-csv;dynamosa;methods;468;362;species_pcg;145334;145340;145403
commons-csv;dynamosa;assertions;468;362;species_pnpmle;653;601;841
commons-csv;dynamosa;classes;468;362;species_pnpmle;798;578;1043
commons-csv;dynamosa;assertions;468;362;species_unpmle;443;408;566
commons-csv;dynamosa;methods;468;362;species_unpmle;443;366;479
commons-csv;dynamosa;assertions;468;362;zelterman;518.026619370987;417.775308728925;618.277930013049
commons-csv;dynamosa;classes;468;362;zelterman;693.376622819999;562.763475160134;823.989770479864
commons-csv;dynamosa;methods;468;362;zelterman;518.026619370987;417.775308728925;618.277930013049
commons-csv;evosuite;assertions;419;306;bootstrap;338.167831155145;328.475652841837;347.860009468453
commons-csv;evosuite;classes;419;306;bootstrap;388.827155344565;337.212576003055;440.441734686075
commons-csv;evosuite;methods;419;306;bootstrap;338.431936350371;327.30802050167;349.555852199071
commons-csv;evosuite;assertions;419;306;chao2;328.683763586957;315.69461775064;359.076164909646
commons-csv;evosuite;classes;419;306;chao2;415.155844155844;374.657122973608;479.543513000902
commons-csv;evosuite;methods;419;306;chao2;328.624127094972;315.667027328898;358.948141077388
commons-csv;evosuite;assertions;419;306;chao2_corrected;327.116521739131;311.579384811523;385.92054777047
commons-csv;evosuite;classes;419;306;chao2_corrected;412.576704545455;356.541759927348;530.736811066663
commons-csv;evosuite;methods;419;306;chao2_corrected;327.061005586592;311.564084354882;385.719488064424
commons-csv;evosuite;assertions;419;306;chao_lower;328.6875;308.634063776584;501.410096302823
commons-csv;evosuite;classes;419;306;chao_lower;426.071428571429;322.010842988125;1206.46151660325
commons-csv;evosuite;methods;419;306;chao_lower;328.6875;308.634063776584;501.410096302823
commons-csv;evosuite;assertions;419;306;chao_upperbound;0.0;310.492649242411;393.847118878337
commons-csv;evosuite;classes;419;306;chao_upperbound;0.0;342.159450055936;417.304532857773
commons-csv;evosuite;methods;419;306;chao_upperbound;0.0;310.492649242411;393.847118878337
commons-csv;evosuite;assertions;419;306;ice;413.60417720126;368.781834669671;458.42651973285
commons-csv;evosuite;classes;419;306;ice;409.549932121385;376.687990411534;442.411873831236
commons-csv;evosuite;methods;419;306;ice;413.973190605103;369.008304716049;458.938076494157
commons-csv;evosuite;assertions;419;306;jack_our;338.994565217391;323.073416745757;354.915713689026
commons-csv;evosuite;classes;419;306;jack_our;503.279797979798;435.562797921326;570.99679803827
commons-csv;evosuite;methods;419;306;jack_our;338.90782122905;323.018068328337;354.797574129763
commons-csv;evosuite;assertions;419;306;species_chaobunge;325.0;312.0;341.0
commons-csv;evosuite;classes;419;306;species_chaobunge;416.0;373.0;485.0
commons-csv;evosuite;methods;419;306;species_chaobunge;325.0;312.0;341.0
commons-csv;evosuite;assertions;419;306;species_jackknife;339.0;323.0;355.0
commons-csv;evosuite;classes;419;306;species_jackknife;489.0;436.0;542.0
commons-csv;evosuite;methods;419;306;species_jackknife;339.0;323.0;355.0
commons-csv;evosuite;assertions;419;306;species_pcg;325;317;357
commons-csv;evosuite;classes;419;306;species_pcg;153306;153313;153388
commons-csv;evosuite;methods;419;306;species_pcg;333;327;365
commons-csv;evosuite;assertions;419;306;species_pnpmle;328;324;332
commons-csv;evosuite;classes;419;306;species_pnpmle;560;411;682
commons-csv;evosuite;methods;419;306;species_pnpmle;353;309;370
commons-csv;evosuite;assertions;419;306;species_unpmle;335;314;450
commons-csv;evosuite;classes;419;306;species_unpmle;620;432;2113152
commons-csv;evosuite;methods;419;306;species_unpmle;335;314;367
commons-csv;evosuite;assertions;419;306;zelterman;399.220595677148;303.725325741394;494.715865612902
commons-csv;evosuite;classes;419;306;zelterman;477.390497760806;388.253990374007;566.527005147605
commons-csv;evosuite;methods;419;306;zelterman;399.220595677148;303.725325741394;494.715865612902
commons-csv;organic;assertions;257;218;bootstrap;249.684708431632;241.024402472433;258.34501439083
commons-csv;organic;classes;257;218;bootstrap;288.551964007479;229.686989955434;347.416938059523
commons-csv;organic;methods;257;218;bootstrap;250.731122802831;237.667449405958;263.794796199704
commons-csv;organic;assertions;257;218;chao2;227.553523563295;221.653384567125;242.982262556129
commons-csv;organic;classes;257;218;chao2;375.961538461538;312.823963829174;481.138626835798
commons-csv;organic;methods;257;218;chao2;227.528891798985;221.642416931001;242.928441921066
commons-csv;organic;assertions;257;218;chao2_corrected;226.992985190959;220.111667638528;256.298537690887
commons-csv;organic;classes;257;218;chao2_corrected;370.307692307692;286.851138061377;554.924469068547
commons-csv;organic;methods;257;218;chao2_corrected;226.969798657718;220.105758618437;256.208219714996
commons-csv;organic;assertions;257;218;chao_lower;227.560975609756;219.04841879801;305.190590996499
commons-csv;organic;classes;257;218;chao_lower;389.125;240.539718830256;1517.20722816166
commons-csv;organic;methods;257;218;chao_lower;227.560975609756;219.04841879801;305.190590996499
commons-csv;organic;assertions;257;218;chao_upperbound;0.0;219.896200727938;250.61725633962
commons-csv;organic;classes;257;218;chao_upperbound;0.0;236.617421936494;256.763549773916
commons-csv;organic;methods;257;218;chao_upperbound;0.0;219.896200727938;250.61725633962
commons-csv;organic;assertions;257;218;ice;290.206112165699;252.633874090733;327.778350240664
commons-csv;organic;classes;257;218;ice;352.027211148269;302.833036264768;401.221386031769
commons-csv;organic;methods;257;218;ice;290.460857771459;252.772850775684;328.148864767233
commons-csv;organic;assertions;257;218;jack_our;245.978176149649;231.31945349605;260.636898803249
commons-csv;organic;classes;257;218;jack_our;547.688176638177;427.056978533694;668.319374742659
commons-csv;organic;methods;257;218;jack_our;245.906040268456;231.275662824704;260.536417712209
commons-csv;organic;assertions;257;218;species_chaobunge;230.0;221.0;242.0
commons-csv;organic;classes;257;218;species_chaobunge;445.0;323.0;711.0
commons-csv;organic;methods;257;218;species_chaobunge;230.0;221.0;242.0
commons-csv;organic;assertions;257;218;species_jackknife;246.0;231.0;261.0
commons-csv;organic;classes;257;218;species_jackknife;660.0;461.0;859.0
commons-csv;organic;methods;257;218;species_jackknife;246.0;231.0;261.0
commons-csv;organic;assertions;257;218;species_pcg;92700;92704;92746
commons-csv;organic;classes;257;218;species_pcg;557;377;916
commons-csv;organic;methods;257;218;species_pcg;234;227;256
commons-csv;organic;assertions;257;218;species_pnpmle;379;358;394
commons-csv;organic;classes;257;218;species_pnpmle;531;343;662
commons-csv;organic;methods;257;218;species_pnpmle;379;359;399
commons-csv;organic;assertions;257;218;species_unpmle;221;220;225
commons-csv;organic;classes;257;218;species_unpmle;906;389;1523259
commons-csv;organic;methods;257;218;species_unpmle;221;221;228
commons-csv;organic;assertions;257;218;zelterman;230.315760850527;210.687979898583;249.943541802471
commons-csv;organic;classes;257;218;zelterman;456.785303480008;327.143029477897;586.42757748212
commons-csv;organic;methods;257;218;zelterman;230.315760850527;210.687979898583;249.943541802471
commons-csv;random;assertions;422;279;bootstrap;330.111275740513;317.725785231424;342.496766249602
commons-csv;random;classes;422;279;bootstrap;369.670887747023;313.459110746655;425.882664747392
commons-csv;random;methods;422;279;bootstrap;330.135162378584;316.830654534002;343.439670223166
commons-csv;random;assertions;422;279;chao2;325.143753710141;303.60440549292;365.539217827264
commons-csv;random;classes;422;279;chao2;411.971506105834;364.877803004579;484.8904724788
commons-csv;random;methods;422;279;chao2;325.024721248805;303.537146334077;365.329312186086
commons-csv;random;assertions;422;279;chao2_corrected;323.379237875626;295.194729985187;400.614670712194
commons-csv;random;classes;422;279;chao2_corrected;409.080213903743;343.40267659231;541.735385306393
commons-csv;random;methods;422;279;chao2_corrected;323.264757160648;295.151577477437;400.311291682082
commons-csv;random;assertions;422;279;chao_lower;325.151162790698;284.861515140045;642.375300761792
commons-csv;random;classes;422;279;chao_lower;425.268656716418;298.623419634249;1369.25441724162
commons-csv;random;methods;422;279;chao_lower;325.151162790698;284.861515140045;642.375300761792
commons-csv;random;assertions;422;279;chao_upperbound;0.0;291.807039225365;402.459295612864
commons-csv;random;classes;422;279;chao_upperbound;0.0;325.489372329402;419.816448715198
commons-csv;random;methods;422;279;chao_upperbound;0.0;291.807039225365;402.459295612864
commons-csv;random;assertions;422;279;ice;549.741075191362;449.226550577612;650.255599805113
commons-csv;random;classes;422;279;ice;444.341013824885;392.381366238589;496.300661411181
commons-csv;random;methods;422;279;ice;550.601535562264;449.800217856998;651.402853267531
commons-csv;random;assertions;422;279;jack_our;341.989886017017;319.991589614648;363.988182419387
commons-csv;random;classes;422;279;jack_our;502.875757575758;431.275190383698;574.476324767817
commons-csv;random;methods;422;279;jack_our;361.835292789402;323.876766007379;399.793819571426
commons-csv;random;assertions;422;279;species_chaobunge;364.0;313.0;433.0
commons-csv;random;classes;422;279;species_chaobunge;513.0;409.0;701.0
commons-csv;random;methods;422;279;species_chaobunge;364.0;313.0;433.0
commons-csv;random;assertions;422;279;species_jackknife;342.0;320.0;364.0
commons-csv;random;classes;422;279;species_jackknife;492.0;435.0;549.0
commons-csv;random;methods;422;279;species_jackknife;342.0;320.0;364.0
commons-csv;random;assertions;422;279;species_pcg;111758;111763;111813
commons-csv;random;classes;422;279;species_pcg;499;454;761
commons-csv;random;methods;422;279;species_pcg;111758;111763;111812
commons-csv;random;assertions;422;279;species_pnpmle;501;471;620
commons-csv;random;classes;422;279;species_pnpmle;508;423;728
commons-csv;random;methods;422;279;species_pnpmle;339;316;447
commons-csv;random;assertions;422;279;species_unpmle;337;318;546
commons-csv;random;classes;422;279;species_unpmle;512;409;2049
commons-csv;random;methods;422;279;species_unpmle;337;318;428
commons-csv;random;assertions;422;279;zelterman;374.677902140906;303.137649766598;446.218154515213
commons-csv;random;classes;422;279;zelterman;452.913571063301;367.619842042736;538.207300083866
commons-csv;random;methods;422;279;zelterman;374.677902140906;303.137649766598;446.218154515213
commons-dbcp;dynamosa;assertions;934;540;bootstrap;685.603622126262;669.350456417604;701.85678783492
commons-dbcp;dynamosa;classes;934;540;bootstrap;783.890962070151;723.422728815742;844.359195324561
commons-dbcp;dynamosa;methods;934;540;bootstrap;685.063117732235;666.191686682053;703.934548782418
commons-dbcp;dynamosa;assertions;934;540;chao2;742.410878229364;679.632848255015;833.413506474904
commons-dbcp;dynamosa;classes;934;540;chao2;1693.14070891515;1395.46269602727;2094.40266505195
commons-dbcp;dynamosa;methods;934;540;chao2;742.372284432448;679.605567893674;833.35894065199
commons-dbcp;dynamosa;assertions;934;540;chao2_corrected;739.19693314633;649.083728444988;903.751943030752
commons-dbcp;dynamosa;classes;934;540;chao2_corrected;1675.47415849457;1271.50948199653;2302.5220128248
commons-dbcp;dynamosa;methods;934;540;chao2_corrected;739.158952154146;649.062626333175;903.683596816814
commons-dbcp;dynamosa;assertions;934;540;chao_lower;742.440217391304;567.521342957069;2029.10035681643
commons-dbcp;dynamosa;classes;934;540;chao_lower;1717.16447368421;702.065856697273;9090.32778861398
commons-dbcp;dynamosa;methods;934;540;chao_lower;742.440217391304;567.521342957069;2029.10035681643
commons-dbcp;dynamosa;assertions;934;540;chao_upperbound;0.0;624.262323367895;906.761840463915
commons-dbcp;dynamosa;classes;934;540;chao_upperbound;0.0;777.930156548504;932.38638289875
commons-dbcp;dynamosa;methods;934;540;chao_upperbound;0.0;624.262323367895;906.761840463915
commons-dbcp;dynamosa;assertions;934;540;jack_our;1247.56097742402;946.642371460555;1548.47958338749
commons-dbcp;dynamosa;classes;934;540;jack_our;1968.82453965912;1704.35362908482;2233.29545023341
commons-dbcp;dynamosa;methods;934;540;jack_our;1246.98379975714;946.438980741214;1547.52861877307
commons-dbcp;dynamosa;assertions;934;540;species_chaobunge;853.0;735.0;1027.0
commons-dbcp;dynamosa;classes;934;540;species_chaobunge;-922.0;-249.0;-2167.0
commons-dbcp;dynamosa;methods;934;540;species_chaobunge;853.0;735.0;1027.0
commons-dbcp;dynamosa;assertions;934;540;species_jackknife;1248.0;947.0;1549.0
commons-dbcp;dynamosa;classes;934;540;species_jackknife;2027.0;1736.0;2318.0
commons-dbcp;dynamosa;methods;934;540;species_jackknife;1248.0;947.0;1549.0
commons-dbcp;dynamosa;assertions;934;540;zelterman;878.678455243625;740.338680922195;1017.01822956505
commons-dbcp;dynamosa;classes;934;540;zelterman;1788.89867796931;1404.59368002279;2173.20367591584
commons-dbcp;dynamosa;methods;934;540;zelterman;878.678455243625;740.338680922195;1017.01822956505
commons-dbcp;evosuite;assertions;1103;614;bootstrap;725.991639425853;709.826209922487;742.157068929219
commons-dbcp;evosuite;classes;1103;614;bootstrap;821.009099595253;751.345300698224;890.672898492282
commons-dbcp;evosuite;methods;1103;614;bootstrap;725.861960356627;706.920027397812;744.803893315442
commons-dbcp;evosuite;assertions;1103;614;chao2;711.581121377245;677.034330577931;765.061733533732
commons-dbcp;evosuite;classes;1103;614;chao2;1038.30260380014;928.544788803491;1186.35950490998
commons-dbcp;evosuite;methods;1103;614;chao2;711.538187428025;677.005407991306;764.998117622813
commons-dbcp;evosuite;assertions;1103;614;chao2_corrected;709.81147497769;660.976389342816;809.413884843502
commons-dbcp;evosuite;classes;1103;614;chao2_corrected;1033.34903192046;873.798183320636;1290.88545133356
commons-dbcp;evosuite;methods;1103;614;chao2_corrected;709.769319641255;660.955211223585;809.330025050381
commons-dbcp;evosuite;assertions;1103;614;chao_lower;711.586956521739;627.084343026827;1341.83280472319
commons-dbcp;evosuite;classes;1103;614;chao_lower;1047.14224137931;673.627907321684;3760.38245234656
commons-dbcp;evosuite;methods;1103;614;chao_lower;711.586956521739;627.084343026827;1341.83280472319
commons-dbcp;evosuite;assertions;1103;614;chao_upperbound;0.0;653.001712628337;857.617838206668
commons-dbcp;evosuite;classes;1103;614;chao_upperbound;0.0;802.946618808315;1095.37544415881
commons-dbcp;evosuite;methods;1103;614;chao_upperbound;0.0;653.001712628337;857.617838206668
commons-dbcp;evosuite;assertions;1103;614;jack_our;789.992465588292;734.421598025205;845.563333151379
commons-dbcp;evosuite;classes;1103;614;jack_our;1358.78797838516;1168.99356160296;1548.58239516735
commons-dbcp;evosuite;methods;1103;614;jack_our;789.937008495752;734.400896954462;845.473120037043
commons-dbcp;evosuite;assertions;1103;614;species_chaobunge;753.0;700.0;817.0
commons-dbcp;evosuite;classes;1103;614;species_chaobunge;3351.0;1486.0;9149.0
commons-dbcp;evosuite;methods;1103;614;species_chaobunge;753.0;700.0;817.0
commons-dbcp;evosuite;assertions;1103;614;species_jackknife;790.0;734.0;846.0
commons-dbcp;evosuite;classes;1103;614;species_jackknife;1381.0;1176.0;1586.0
commons-dbcp;evosuite;methods;1103;614;species_jackknife;790.0;734.0;846.0
commons-dbcp;evosuite;assertions;1103;614;zelterman;822.29766098513;715.503080869126;929.092241101134
commons-dbcp;evosuite;classes;1103;614;zelterman;1183.07371240917;1000.47049800648;1365.67692681186
commons-dbcp;evosuite;methods;1103;614;zelterman;822.29766098513;715.503080869126;929.092241101134
commons-dbcp;organic;assertions;1023;1023;bootstrap;1023.0000159601;1022.9997647454;1023.0002671748
commons-dbcp;organic;classes;1023;1023;bootstrap;1050.67369328441;917.6896129593;1183.65777360952
commons-dbcp;organic;methods;1023;1023;bootstrap;1023.00001307761;1022.99978055432;1023.0002456009
commons-dbcp;organic;assertions;1023;1023;chao2;1023.0;1023.0;1023.00017048781
commons-dbcp;organic;classes;1023;1023;chao2;1201.28804347826;1067.40050890986;1738.906804398
commons-dbcp;organic;methods;1023;1023;chao2;1023.0;1023.0;1023.00017048781
commons-dbcp;organic;assertions;1023;1023;chao2_corrected;1023.0;1023.0;1023.00017048781
commons-dbcp;organic;classes;1023;1023;chao2_corrected;1137.45652173913;1047.66088491011;1554.21757051192
commons-dbcp;organic;methods;1023;1023;chao2_corrected;1023.0;1023.0;1023.00017048781
commons-dbcp;organic;assertions;1023;1023;chao_lower;;;
commons-dbcp;organic;classes;1023;1023;chao_lower;1205.25;1037.65735087057;3289.10270800633
commons-dbcp;organic;methods;1023;1023;chao_lower;;;
commons-dbcp;organic;assertions;1023;1023;chao_upperbound;0.0;;
commons-dbcp;organic;classes;1023;1023;chao_upperbound;0.0;1023.0;1023.0
commons-dbcp;organic;methods;1023;1023;chao_upperbound;0.0;;
commons-dbcp;organic;assertions;1023;1023;jack_our;1023.0;1023.0;1023.0
commons-dbcp;organic;classes;1023;1023;jack_our;1097.61204435661;1062.8658399377;1132.35824877552
commons-dbcp;organic;methods;1023;1023;jack_our;1023.0;1023.0;1023.0
commons-dbcp;organic;assertions;1023;1023;species_chaobunge;;;
commons-dbcp;organic;classes;1023;1023;species_chaobunge;1024.0;1022.0;1027.0
commons-dbcp;organic;methods;1023;1023;species_chaobunge;;;
commons-dbcp;organic;assertions;1023;1023;species_jackknife;-1.0;-1.0;-1.0
commons-dbcp;organic;classes;1023;1023;species_jackknife;1101.0;1065.0;1137.0
commons-dbcp;organic;methods;1023;1023;species_jackknife;-1.0;-1.0;-1.0
commons-dbcp;organic;assertions;1023;1023;zelterman;;;
commons-dbcp;organic;classes;1023;1023;zelterman;7429.37501215057;-2479.8351030779;17338.585127379
commons-dbcp;organic;methods;1023;1023;zelterman;;;
commons-dbcp;random;assertions;1058;566;bootstrap;729.053745605608;705.426336553588;752.681154657628
commons-dbcp;random;classes;1058;566;bootstrap;806.663662064054;743.211608207466;870.115715920641
commons-dbcp;random;methods;1058;566;bootstrap;728.50229118704;700.186341513271;756.818240860808
commons-dbcp;random;assertions;1058;566;chao2;809.952324125364;738.262155818476;911.477717745961
commons-dbcp;random;classes;1058;566;chao2;2106.98208248817;1683.39174892265;2691.15062943602
commons-dbcp;random;methods;1058;566;chao2;809.762940497077;738.125494179045;911.215399050488
commons-dbcp;random;assertions;1058;566;chao2_corrected;806.472523706158;702.838744508255;988.592554947918
commons-dbcp;random;classes;1058;566;chao2_corrected;2077.31605184447;1526.72376054714;2943.45364730227
commons-dbcp;random;methods;1058;566;chao2_corrected;806.285841495993;702.731129202917;988.268769080024
commons-dbcp;random;assertions;1058;566;chao_lower;809.980198019802;599.313307259219;2352.86362667605
commons-dbcp;random;classes;1058;566;chao_lower;2137.80172413793;781.606911608825;12024.6338701669
commons-dbcp;random;methods;1058;566;chao_lower;809.980198019802;599.313307259219;2352.86362667605
commons-dbcp;random;assertions;1058;566;chao_upperbound;0.0;672.205709226128;1017.66187730755
commons-dbcp;random;classes;1058;566;chao_upperbound;0.0;840.649680027557;1055.64562263522
commons-dbcp;random;methods;1058;566;chao_upperbound;0.0;672.205709226128;1017.66187730755
commons-dbcp;random;assertions;1058;566;jack_our;1543.43802408683;1222.59335835104;1864.28268982262
commons-dbcp;random;classes;1058;566;jack_our;2178.83860768776;1923.54625843679;2434.13095693872
commons-dbcp;random;methods;1058;566;jack_our;1539.62599287714;1220.3858852166;1858.86610053767
commons-dbcp;random;assertions;1058;566;species_chaobunge;1061.0;828.0;1444.0
commons-dbcp;random;classes;1058;566;species_chaobunge;-428.0;-270.0;-616.0
commons-dbcp;random;methods;1058;566;species_chaobunge;1061.0;828.0;1444.0
commons-dbcp;random;assertions;1058;566;species_jackknife;1544.0;1223.0;1865.0
commons-dbcp;random;classes;1058;566;species_jackknife;2261.0;1983.0;2539.0
commons-dbcp;random;methods;1058;566;species_jackknife;1544.0;1223.0;1865.0
commons-dbcp;random;assertions;1058;566;zelterman;947.376244262075;802.039346690832;1092.71314183332
commons-dbcp;random;classes;1058;566;zelterman;2379.26321123895;1786.08710671553;2972.43931576238
commons-dbcp;random;methods;1058;566;zelterman;947.376244262075;802.039346690832;1092.71314183332
commons-lang;dynamosa;assertions;5237;5232;bootstrap;5977.62675167673;4866.25516092933;7088.99834242413
commons-lang;dynamosa;classes;5237;5232;bootstrap;6404.820493144;4588.16407461104;8221.47691167696
commons-lang;dynamosa;methods;5237;5232;bootstrap;6040.96391430121;4921.04054917001;7160.88727943241
commons-lang;dynamosa;assertions;5237;5232;chao2;5454.01725992163;5410.73817733744;5507.77579920182
commons-lang;dynamosa;classes;5237;5232;chao2;5316.28382396016;5296.53178395746;5342.0816147595
commons-lang;dynamosa;methods;5237;5232;chao2;5454.00443262483;5410.72744351664;5507.76049394161
commons-lang;dynamosa;assertions;5237;5232;chao2_corrected;5453.38320048885;5388.19897494886;5545.76980210486
commons-lang;dynamosa;classes;5237;5232;chao2_corrected;5316.11136363636;5289.57971592098;5354.8682944959
commons-lang;dynamosa;methods;5237;5232;chao2_corrected;5453.37040982554;5388.18973286731;5545.75211063303
commons-lang;dynamosa;assertions;5237;5232;chao_lower;5454.02902055623;5262.90065954906;6827.33442614337
commons-lang;dynamosa;classes;5237;5232;chao_lower;5316.9920913884;5243.75618164293;5846.45593628748
commons-lang;dynamosa;methods;5237;5232;chao_lower;5454.02902055623;5262.90065954906;6827.33442614337
commons-lang;dynamosa;assertions;5237;5232;chao_upperbound;0.0;5236.79679605847;5236.99856874102
commons-lang;dynamosa;classes;5237;5232;chao_upperbound;0.0;5236.63878212092;5236.99739408816
commons-lang;dynamosa;methods;5237;5232;chao_upperbound;0.0;5236.79679605847;5236.99856874102
commons-lang;dynamosa;assertions;5237;5232;ice;9649.87258863164;<NA>;<NA>
commons-lang;dynamosa;classes;5237;5232;ice;5489.46075949367;5472.49942453736;5506.42209444999
commons-lang;dynamosa;methods;5237;5232;ice;9650.15884003129;<NA>;<NA>
commons-lang;dynamosa;assertions;5237;5232;jack_our;5837.96790084221;5769.73558247211;5906.2002192123
commons-lang;dynamosa;classes;5237;5232;jack_our;5848.81666666667;5780.11892685102;5917.51440648231
commons-lang;dynamosa;methods;5237;5232;jack_our;5837.93289036545;5769.70352862555;5906.16225210535
commons-lang;dynamosa;assertions;5237;5232;species_chaobunge;5474.0;5433.0;5518.0
commons-lang;dynamosa;classes;5237;5232;species_chaobunge;5359.0;5335.0;5389.0
commons-lang;dynamosa;methods;5237;5232;species_chaobunge;5474.0;5433.0;5518.0
commons-lang;dynamosa;assertions;5237;5232;species_jackknife;5838.0;5770.0;5906.0
commons-lang;dynamosa;classes;5237;5232;species_jackknife;5854.0;5785.0;5923.0
commons-lang;dynamosa;methods;5237;5232;species_jackknife;5838.0;5770.0;5906.0
commons-lang;dynamosa;assertions;5237;5232;species_pcg;5887;5880;6035
commons-lang;dynamosa;classes;5237;5232;species_pcg;5838;5815;6017
commons-lang;dynamosa;methods;5237;5232;species_pcg;2546296;2546482;2546517
commons-lang;dynamosa;assertions;5237;5232;species_pnpmle;9464;9372;10503
commons-lang;dynamosa;classes;5237;5232;species_pnpmle;11024;10961;11737
commons-lang;dynamosa;methods;5237;5232;species_pnpmle;9464;9382;10400
commons-lang;dynamosa;assertions;5237;5232;species_unpmle;5524;5434;6041
commons-lang;dynamosa;classes;5237;5232;species_unpmle;5838;5810;6128
commons-lang;dynamosa;methods;5237;5232;species_unpmle;5401;5394;5479
commons-lang;dynamosa;assertions;5237;5232;zelterman;5597.27957966081;5478.96917786067;5715.58998146095
commons-lang;dynamosa;classes;5237;5232;zelterman;5235.47253338326;5231.17898920982;5239.76607755671
commons-lang;dynamosa;methods;5237;5232;zelterman;5597.27957966081;5478.96917786067;5715.58998146095
commons-lang;evosuite;assertions;4161;3212;bootstrap;3598.0981876176;3568.22925985888;3627.96711537632
commons-lang;evosuite;classes;4161;3212;bootstrap;4704.8544314395;4473.86008714616;4935.84877573283
commons-lang;evosuite;methods;4161;3212;bootstrap;3599.01977173596;3565.06918011138;3632.97036336053
commons-lang;evosuite;assertions;4161;3212;chao2;3407.89708899383;3362.13042690503;3467.61553555385
commons-lang;evosuite;classes;4161;3212;chao2;11385.0955468559;10415.0417140237;12485.7892504471
commons-lang;evosuite;methods;4161;3212;chao2;3407.86775684962;3362.10713429302;3467.57864623818
commons-lang;evosuite;assertions;4161;3212;chao2_corrected;3406.82756451101;3337.93384958453;3513.41046286218
commons-lang;evosuite;classes;4161;3212;chao2_corrected;11361.6475409836;9994.48302556452;13004.3953206993
commons-lang;evosuite;methods;4161;3212;chao2_corrected;3406.79839250928;3337.9145877724;3513.36630231272
commons-lang;evosuite;assertions;4161;3212;chao_lower;3407.90476190476;3239.09864722463;4628.25799320649
commons-lang;evosuite;classes;4161;3212;chao_lower;11452.6417910448;4368.04281863398;61953.9220410508
commons-lang;evosuite;methods;4161;3212;chao_lower;3407.90476190476;3239.09864722463;4628.25799320649
commons-lang;evosuite;assertions;4161;3212;chao_upperbound;0.0;3327.28409121128;3544.90521569619
commons-lang;evosuite;classes;4161;3212;chao_upperbound;0.0;4098.3509966952;4160.54841821851
commons-lang;evosuite;methods;4161;3212;chao_upperbound;0.0;3327.28409121128;3544.90521569619
commons-lang;evosuite;assertions;4161;3212;ice;4777.74191533765;<NA>;<NA>
commons-lang;evosuite;classes;4161;3212;ice;16309.9963367243;11731.7194975821;20888.2731758666
commons-lang;evosuite;methods;4161;3212;ice;4778.02837565854;<NA>;<NA>
commons-lang;evosuite;assertions;4161;3212;jack_our;3585.98535171549;3532.38173258717;3639.58897084382
commons-lang;evosuite;classes;4161;3212;jack_our;12948.2023457655;12272.7037345303;13623.7009570007
commons-lang;evosuite;methods;4161;3212;jack_our;3585.92935398564;3532.33175450509;3639.5269534662
commons-lang;evosuite;assertions;4161;3212;species_chaobunge;3399.0;3358.0;3441.0
commons-lang;evosuite;classes;4161;3212;species_chaobunge;-4813.0;-3212.0;-6813.0
commons-lang;evosuite;methods;4161;3212;species_chaobunge;3399.0;3358.0;3441.0
commons-lang;evosuite;assertions;4161;3212;species_jackknife;3586.0;3532.0;3640.0
commons-lang;evosuite;classes;4161;3212;species_jackknife;13145.0;12444.0;13846.0
commons-lang;evosuite;methods;4161;3212;species_jackknife;3586.0;3532.0;3640.0
commons-lang;evosuite;assertions;4161;3212;species_pcg;1494407;1494489;1495065
commons-lang;evosuite;classes;4161;3212;species_pcg;30637;13182;40959
commons-lang;evosuite;methods;4161;3212;species_pcg;3510;3491;3690
commons-lang;evosuite;assertions;4161;3212;species_pnpmle;3458;3397;3772
commons-lang;evosuite;classes;4161;3212;species_pnpmle;17284;14970;20913
commons-lang;evosuite;methods;4161;3212;species_pnpmle;5190;5141;5626
commons-lang;evosuite;assertions;4161;3212;species_unpmle;3455;3420;3734
commons-lang;evosuite;classes;4161;3212;species_unpmle;14225;12441;139960
commons-lang;evosuite;methods;4161;3212;species_unpmle;3455;3419;3785
commons-lang;evosuite;assertions;4161;3212;zelterman;3770.90492336973;3582.42651829447;3959.38332844498
commons-lang;evosuite;classes;4161;3212;zelterman;11972.6652305163;10843.5276693357;13101.8027916969
commons-lang;evosuite;methods;4161;3212;zelterman;3770.90492336973;3582.42651829447;3959.38332844498
commons-lang;organic;assertions;5325;5322;bootstrap;5325.31786186103;5319.67272870517;5330.9629950169
commons-lang;organic;classes;5325;5322;bootstrap;5369.8029394845;5120.15646563435;5619.44941333465
commons-lang;organic;methods;5325;5322;bootstrap;5324.89559867424;5320.12874252446;5329.66245482402
commons-lang;organic;assertions;5325;5322;chao2;5322.49996195404;5322.04006786835;5328.23846403081
commons-lang;organic;classes;5325;5322;chao2;5322.74503311258;5322.0766651901;5329.24023951583
commons-lang;organic;methods;5325;5322;chao2;5322.49987881726;5322.04005927402;5328.23772741862
commons-lang;organic;assertions;5325;5322;chao2_corrected;5322.19998478162;5322.00605249675;5328.60783715664
commons-lang;organic;classes;5325;5322;chao2_corrected;5322.42573320719;5322.01957727554;5331.25811986942
commons-lang;organic;methods;5325;5322;chao2_corrected;5322.1999515269;5322.00605137591;5328.60686324675
commons-lang;organic;assertions;5325;5322;chao_lower;5322.5;5322.00560513935;5366.6019241511
commons-lang;organic;classes;5325;5322;chao_lower;5322.75;5322.0161611266;5356.80574182734
commons-lang;organic;methods;5325;5322;chao_lower;5322.5;5322.00560513935;5366.6019241511
commons-lang;organic;assertions;5325;5322;chao_upperbound;0.0;5322.01791899653;5324.57437490136
commons-lang;organic;classes;5325;5322;chao_upperbound;0.0;5322.03296642369;5324.67589159469
commons-lang;organic;methods;5325;5322;chao_upperbound;0.0;5322.01791899653;5324.57437490136
commons-lang;organic;assertions;5325;5322;ice;5332.55416990701;5317.69231555637;5347.41602425766
commons-lang;organic;classes;5325;5322;ice;5322.41051088885;5321.94635525355;5322.87466652414
commons-lang;organic;methods;5325;5322;ice;5332.55624404459;5317.69148289663;5347.42100519254
commons-lang;organic;assertions;5325;5322;jack_our;5323.99984781616;5320.08007152711;5327.91962410521
commons-lang;organic;classes;5325;5322;jack_our;5324.98013245033;5320.20298519333;5329.75727970733
commons-lang;organic;methods;5325;5322;jack_our;5323.99951526903;5320.08022783076;5327.9188027073
commons-lang;organic;assertions;5325;5322;species_chaobunge;5323.0;5321.0;5324.0
commons-lang;organic;classes;5325;5322;species_chaobunge;5322.0;5322.0;5322.0
commons-lang;organic;methods;5325;5322;species_chaobunge;5323.0;5321.0;5324.0
commons-lang;organic;assertions;5325;5322;species_jackknife;5324.0;5320.0;5328.0
commons-lang;organic;classes;5325;5322;species_jackknife;5325.0;5320.0;5330.0
commons-lang;organic;methods;5325;5322;species_jackknife;5324.0;5320.0;5328.0
commons-lang;organic;assertions;5325;5322;species_pcg;5322;;
commons-lang;organic;classes;5325;5322;species_pcg;5326;5326;5329
commons-lang;organic;methods;5325;5322;species_pcg;5322;;
commons-lang;organic;classes;5325;5322;species_pnpmle;6500;6495;6533
commons-lang;organic;classes;5325;5322;species_unpmle;5326;5326;5326
commons-lang;organic;assertions;5325;5322;zelterman;5421.29447185601;4734.25969296468;6108.32925074734
commons-lang;organic;classes;5325;5322;zelterman;5421.29447185601;4860.21748922972;5982.37145448229
commons-lang;organic;methods;5325;5322;zelterman;5421.29447185601;4734.25969296468;6108.32925074734
commons-lang;random;assertions;4691;4688;bootstrap;5774.98071296998;4260.69369267437;7289.26773326558
commons-lang;random;classes;4691;4688;bootstrap;6143.94208348348;4086.63719133949;8201.24697562746
commons-lang;random;methods;4691;4688;bootstrap;5907.05484436585;4467.96395289648;7346.14573583521
commons-lang;random;assertions;4691;4688;chao2;5167.39261924467;5096.28025985994;5250.89099910219
commons-lang;random;classes;4691;4688;chao2;4910.73786949924;4873.89755155372;4954.87903145794
commons-lang;random;methods;4691;4688;chao2;5167.31566941368;5096.21310025599;5250.80288604509
commons-lang;random;assertions;4691;4688;chao2_corrected;5166.52718964088;5056.00741580874;5310.2381978971
commons-lang;random;classes;4691;4688;chao2_corrected;4910.44875843762;4857.29949181978;4980.28351248162
commons-lang;random;methods;4691;4688;chao2_corrected;5166.45037872455;5055.94745817696;5310.13981864652
commons-lang;random;assertions;4691;4688;chao_lower;5167.42218400688;4755.08723382079;8114.07106341469
commons-lang;random;classes;4691;4688;chao_lower;4912.53414264036;4719.36542386678;6295.36170585101
commons-lang;random;methods;4691;4688;chao_lower;5167.42218400688;4755.08723382079;8114.07106341469
commons-lang;random;assertions;4691;4688;chao_upperbound;0.0;4690.94492187528;4690.99961780418
commons-lang;random;classes;4691;4688;chao_upperbound;0.0;4690.93136237272;4690.99952222083
commons-lang;random;methods;4691;4688;chao_upperbound;0.0;4690.94492187528;4690.99961780418
commons-lang;random;assertions;4691;4688;ice;11206.4702847843;<NA>;<NA>
commons-lang;random;classes;4691;4688;ice;5267.80493350006;5242.55892424098;5293.05094275914
commons-lang;random;methods;4691;4688;ice;11207.6647785298;<NA>;<NA>
commons-lang;random;assertions;4691;4688;jack_our;5743.93487913172;5653.86430285709;5834.00545540636
commons-lang;random;classes;4691;4688;jack_our;5767.296;5676.41543420571;5858.1765657943
commons-lang;random;methods;4691;4688;jack_our;5743.7653854699;5653.70565243283;5833.82511850696
commons-lang;random;assertions;4691;4688;species_chaobunge;5494.0;5387.0;5610.0
commons-lang;random;classes;4691;4688;species_chaobunge;5040.0;4985.0;5104.0
commons-lang;random;methods;4691;4688;species_chaobunge;5494.0;5387.0;5610.0
commons-lang;random;assertions;4691;4688;species_jackknife;5744.0;5654.0;5834.0
commons-lang;random;classes;4691;4688;species_jackknife;5776.0;5685.0;5867.0
commons-lang;random;methods;4691;4688;species_jackknife;5744.0;5654.0;5834.0
commons-lang;random;assertions;4691;4688;species_pcg;4904;2265810;2265821
commons-lang;random;classes;4691;4688;species_pcg;5750;5696;5976
commons-lang;random;methods;4691;4688;species_pcg;5213;5175;5384
commons-lang;random;assertions;4691;4688;species_pnpmle;9079;9047;10040
commons-lang;random;classes;4691;4688;species_pnpmle;10407;10321;11677
commons-lang;random;assertions;4691;4688;species_unpmle;5224;5190;5425
commons-lang;random;classes;4691;4688;species_unpmle;5751;5711;6201
commons-lang;random;methods;4691;4688;species_unpmle;5224;5199;5446
commons-lang;random;assertions;4691;4688;zelterman;5270.4343939478;5140.22611980432;5400.64266809127
commons-lang;random;classes;4691;4688;zelterman;4725.15384120862;4707.60074723337;4742.70693518387
commons-lang;random;methods;4691;4688;zelterman;5270.4343939478;5140.22611980432;5400.64266809127
commons-math;dynamosa;classes;12429;12246;bootstrap;16335.7829107405;11408.9994827826;21262.5663386985
commons-math;dynamosa;methods;12429;12246;bootstrap;12936.9887615883;10989.1586484735;14884.8188747031
commons-math;dynamosa;classes;12429;12246;chao2;13413.8995603127;13311.3993940735;13526.2610838396
commons-math;dynamosa;methods;12429;12246;chao2;12304.12824667;12273.6259661378;12368.308593447
commons-math;dynamosa;classes;12429;12246;chao2_corrected;13413.3384714834;13253.6527415891;13598.3300744027
commons-math;dynamosa;methods;12429;12246;chao2_corrected;12300.046901691;12263.0541979983;12417.2814394845
commons-math;dynamosa;classes;12429;12246;chao_lower;13415.634923701;12410.3986919465;20567.5130153584
commons-math;dynamosa;methods;12429;12246;chao_lower;12304.1315789474;12253.0733437224;12723.7486579971
commons-math;dynamosa;classes;12429;12246;chao_upperbound;0.0;12426.2609952892;12428.9809842101
commons-math;dynamosa;methods;12429;12246;chao_upperbound;0.0;12257.0489866837;12409.4888214547
commons-math;dynamosa;classes;12429;12246;ice;56992.9204629486;<NA>;<NA>
commons-math;dynamosa;methods;12429;12246;ice;14284.4430236167;<NA>;<NA>
commons-math;dynamosa;classes;12429;12246;jack_our;15720.8367952522;15557.5025963634;15884.1709941411
commons-math;dynamosa;methods;12429;12246;jack_our;37902.9702818586;36636.4780967638;39169.4624669533
commons-math;dynamosa;classes;12429;12246;species_chaobunge;14910.0;14688.0;15149.0
commons-math;dynamosa;methods;12429;12246;species_chaobunge;12254.0;12248.0;12260.0
commons-math;dynamosa;classes;12429;12246;species_jackknife;15726.0;15562.0;15890.0
commons-math;dynamosa;methods;12429;12246;species_jackknife;37915.0;36648.0;39182.0
commons-math;dynamosa;classes;12429;12246;species_pcg;14875;14782;15601
commons-math;dynamosa;methods;12429;12246;species_pcg;12341;12338;12403
commons-math;dynamosa;classes;12429;12246;species_pnpmle;26257;26059;28773
commons-math;dynamosa;methods;12429;12246;species_pnpmle;12304;12289;12447
commons-math;dynamosa;classes;12429;12246;species_unpmle;14853;14761;15896
commons-math;dynamosa;methods;12429;12246;species_unpmle;12346;12348;12361
commons-math;dynamosa;classes;12429;12246;zelterman;12904.5551607399;12801.9114882599;13007.1988332199
commons-math;dynamosa;methods;12429;12246;zelterman;22085.6020285272;14436.0905724073;29735.1134846472
commons-math;evosuite;assertions;18333;13509;bootstrap;15023.2963759411;14931.4820796611;15115.1106722212
commons-math;evosuite;classes;18333;13509;bootstrap;18075.0638777183;17646.9217441979;18503.2060112387
commons-math;evosuite;methods;18333;13509;bootstrap;15034.7391831957;14917.0069079542;15152.4714584372
commons-math;evosuite;assertions;18333;13509;chao2;14478.1488111224;14361.1325395827;14611.2339536052
commons-math;evosuite;classes;18333;13509;chao2;23534.1956901012;22900.9505544759;24210.1368982268
commons-math;evosuite;methods;18333;13509;chao2;14478.1006313143;14361.0895273824;14611.1799980325
commons-math;evosuite;assertions;18333;13509;chao2_corrected;14476.7946307124;14291.1102301845;14706.5632220215
commons-math;evosuite;classes;18333;13509;chao2_corrected;23528.4640588336;22532.5113829222;24634.3430916321
commons-math;evosuite;methods;18333;13509;chao2_corrected;14476.7465182255;14291.0709907255;14706.5042350934
commons-math;evosuite;assertions;18333;13509;chao_lower;14478.1560338201;13644.937771153;20418.5102113533
commons-math;evosuite;classes;18333;13509;chao_lower;23547.5270673487;14921.4759580992;84853.2413685445
commons-math;evosuite;methods;18333;13509;chao_lower;14478.1560338201;13644.937771153;20418.5102113533
commons-math;evosuite;assertions;18333;13509;chao_upperbound;0.0;14249.9427235852;14776.6599526413
commons-math;evosuite;classes;18333;13509;chao_upperbound;0.0;18154.8253583399;18331.7232336758
commons-math;evosuite;methods;18333;13509;chao_upperbound;0.0;14249.9427235852;14776.6599526413
commons-math;evosuite;assertions;18333;13509;ice;-1;-1;-1
commons-math;evosuite;classes;18333;13509;ice;51242.6581994162;<NA>;<NA>
commons-math;evosuite;methods;18333;13509;ice;30977.258340833;<NA>;<NA>
commons-math;evosuite;assertions;18333;13509;jack_our;15383.9935832698;15192.6771670827;15575.3099994569
commons-math;evosuite;classes;18333;13509;jack_our;32594.236233438;31142.3537931243;34046.1186737517
commons-math;evosuite;methods;18333;13509;jack_our;15383.9507760603;15192.6481964789;15575.2533556418
commons-math;evosuite;assertions;18333;13509;species_chaobunge;14417.0;14319.0;14517.0
commons-math;evosuite;classes;18333;13509;species_chaobunge;428946.0;108169.0;1824443.0
commons-math;evosuite;methods;18333;13509;species_chaobunge;14417.0;14319.0;14517.0
commons-math;evosuite;assertions;18333;13509;species_jackknife;15384.0;15193.0;15575.0
commons-math;evosuite;classes;18333;13509;species_jackknife;32632.0;31169.0;34095.0
commons-math;evosuite;methods;18333;13509;species_jackknife;15384.0;15193.0;15575.0
commons-math;evosuite;assertions;18333;13509;species_pcg;14883;14727;15240
commons-math;evosuite;classes;18333;13509;species_pcg;29067;27139;61088
commons-math;evosuite;methods;18333;13509;species_pcg;15518;14521;15771
commons-math;evosuite;assertions;18333;13509;species_pnpmle;15609;14697;15524
commons-math;evosuite;classes;18333;13509;species_pnpmle;41279;37337;46218
commons-math;evosuite;methods;18333;13509;species_pnpmle;15610;14661;15513
commons-math;evosuite;classes;18333;13509;species_unpmle;29813;27035;399429
commons-math;evosuite;methods;18333;13509;species_unpmle;15221;14687;15349
commons-math;evosuite;assertions;18333;13509;zelterman;16766.0301436897;16264.833309976;17267.2269774033
commons-math;evosuite;classes;18333;13509;zelterman;27277.8552248115;26328.8242697116;28226.8861799114
commons-math;evosuite;methods;18333;13509;zelterman;16766.0301436897;16264.833309976;17267.2269774033
commons-math;random;assertions;13643;13417;bootstrap;15011.7906602288;11350.9625309409;18672.6187895168
commons-math;random;classes;13643;13417;bootstrap;14925.2961624863;11611.3750752863;18239.2172496862
commons-math;random;methods;13643;13417;bootstrap;14969.132939804;11575.7883692838;18362.4775103243
commons-math;random;assertions;13643;13417;chao2;13417.801267321;13417.1338416363;13421.7969326842
commons-math;random;classes;13643;13417;chao2;13418.4397343057;13417.3362046241;13423.1653966731
commons-math;random;methods;13643;13417;chao2;13417.8012149928;13417.1338278086;13421.7968017359
commons-math;random;assertions;13643;13417;chao2_corrected;13417.7903585834;13417.1219762995;13422.1212136521
commons-math;random;classes;13643;13417;chao2_corrected;13418.425076719;13417.3038759792;13423.6831332331
commons-math;random;methods;13643;13417;chao2_corrected;13417.7903069675;13417.1219641593;13422.121054467
commons-math;random;assertions;13643;13417;chao_lower;13417.8012820513;13417.040963455;13432.6737981616
commons-math;random;classes;13643;13417;chao_lower;13418.4416336914;13417.1091710016;13436.0371771778
commons-math;random;methods;13643;13417;chao_lower;13417.8012820513;13417.040963455;13432.6737981616
commons-math;random;assertions;13643;13417;chao_upperbound;0.0;13417.0577780192;13428.1090837477
commons-math;random;classes;13643;13417;chao_upperbound;0.0;13417.1491228523;13430.9351426294
commons-math;random;methods;13643;13417;chao_upperbound;0.0;13417.0577780192;13428.1090837477
commons-math;random;classes;13643;13417;ice;13931.9699554578;13658.8725932175;14205.0673176982
commons-math;random;methods;13643;13417;ice;15096.565992833;<NA>;<NA>
commons-math;random;assertions;13643;13417;jack_our;13491.9986212475;13467.993952738;13516.003289757
commons-math;random;classes;13643;13417;jack_our;13517.8669301713;13490.0376242087;13545.6962361338
commons-math;random;methods;13643;13417;jack_our;13491.9937233241;13467.9902305661;13515.9972160821
commons-math;random;assertions;13643;13417;species_chaobunge;13439.0;13428.0;13449.0
commons-math;random;classes;13643;13417;species_chaobunge;13440.0;13430.0;13451.0
commons-math;random;methods;13643;13417;species_chaobunge;13439.0;13428.0;13449.0
commons-math;random;assertions;13643;13417;species_jackknife;13492.0;13468.0;13516.0
commons-math;random;classes;13643;13417;species_jackknife;13518.0;13490.0;13546.0
commons-math;random;methods;13643;13417;species_jackknife;13492.0;13468.0;13516.0
commons-math;random;assertions;13643;13417;species_pcg;13771;13759;13865
commons-math;random;classes;13643;13417;species_pcg;6678762;6679263;6679977
commons-math;random;methods;13643;13417;species_pcg;6403853;6404158;6404577
commons-math;random;assertions;13643;13417;species_pnpmle;23298;23275;23634
commons-math;random;classes;13643;13417;species_pnpmle;25884;25841;26713
commons-math;random;methods;13643;13417;species_pnpmle;23298;23269;23619
commons-math;random;assertions;13643;13417;species_unpmle;13778;13778;13901
commons-math;random;methods;13643;13417;species_unpmle;13778;13780;13812
commons-math;random;assertions;13643;13417;zelterman;13417.0;13417.0;13417.0
commons-math;random;classes;13643;13417;zelterman;13417.0;13417.0;13417.0
commons-math;random;methods;13643;13417;zelterman;13417.0;13417.0;13417.0
